query,ms
가을 감성 바다 카페,8.838699999614619
가족 산책 코스,3.6356999989948235
스릴 액티비티,2.6373000000603497
역사 유적,4.584399997838773
